{"M_G1_M M_G1H1_M": [[-0.1765790223210243, 0.029136995448714714, 0.0025854902576244684]], "M_G1_M M_G1H2_M": [[-0.04107984012935856, 0.02390417321038904, 0.0021211523700449]], "M_G1C3_M M_G1C3H1_M": [[-0.23602266775055988, 0.016907652882827615, 0.0015003115844525207]], "M_G1C3_M M_G1C3H2_M": [[-0.2035015445896484, 0.017629375661050186, 0.0015643541249774886]], "M_G1C4_M M_G1C4H1_M": [[-0.1783303618045488, 0.013219317792789896, 0.001173024769347237]], "M_G1C4_M M_G1C4H2_M": [[-0.1655331670989083, 0.01261415181271198, 0.0011193249721773047]], "M_G1C5_M M_G1C5H1_M": [[-0.20624292459507032, 0.012210532617147194, 0.0010835095601263338]], "M_G1C5_M M_G1C5H2_M": [[-0.20327042931493428, 0.011976531777180255, 0.0010627453432709836]], "M_G1C6_M M_G1C6H1_M": [[-0.20707552409791433, 0.01291494589105937, 0.0011460161305188424]], "M_G1C6_M M_G1C6H2_M": [[-0.20384805148833315, 0.012821950474436884, 0.0011377641216902597]], "M_G1C7_M M_G1C7H1_M": [[-0.2186947119160103, 0.012412452319536244, 0.0011014270363557627]], "M_G1C7_M M_G1C7H2_M": [[-0.21719047677788977, 0.012506751834731112, 0.0011097947652200578]], "M_G1C8_M M_G1C8H1_M": [[-0.20961207454105776, 0.012526350297762896, 0.0011115338475946382]], "M_G1C8_M M_G1C8H2_M": [[-0.2084467735251026, 0.012149750198604025, 0.0010781159926511004]], "M_G1C9_M M_G1C9H1_M": [[-0.20850534120624492, 0.012149205884465258, 0.0010780676925816802]], "M_G1C9_M M_G1C9H2_M": [[-0.20806099036236408, 0.01274762142133192, 0.0011311684847791171]], "M_G1C10_M M_G1C10H1_M": [[-0.19332271532382783, 0.011925888954156891, 0.0010582515194044848]], "M_G1C10_M M_G1C10H2_M": [[-0.19257580012195968, 0.012407854585519885, 0.0011010190534349647]], "M_G1C11_M M_G1C11H1_M": [[-0.1859009781865868, 0.012077124009141437, 0.001071671460453729]], "M_G1C11_M M_G1C11H2_M": [[-0.1855204483574437, 0.011738456165305585, 0.0010416195488779625]], "M_G1C12_M M_G1C12H1_M": [[-0.16729334072469845, 0.011174928822270842, 0.0009916145832703778]], "M_G1C12_M M_G1C12H2_M": [[-0.1671707177235807, 0.011271795887305612, 0.0010002101453410416]], "M_G1C13_M M_G1C13H1_M": [[-0.15578684550314387, 0.00991899478618299, 0.0008801684590383971]], "M_G1C13_M M_G1C13H2_M": [[-0.1559803847828515, 0.010006045641400459, 0.0008878929733411431]], "M_G1C14_M M_G1C14H1_M": [[-0.13534081904269152, 0.00855632485727905, 0.0007592510558785466]], "M_G1C14_M M_G1C14H2_M": [[-0.13524229155296053, 0.008937237107055454, 0.0007930515523140894]], "M_G1C15_M M_G1C15H1_M": [[-0.1183523691511266, 0.007413829871873102, 0.000657871019651023]], "M_G1C15_M M_G1C15H2_M": [[-0.11811558806624523, 0.007402278810518635, 0.0006568460287026678]], "M_G1C16_M M_G1C16H1_M": [[-0.08936835862175233, 0.005599284084013004, 0.0004968561180018982]], "M_G1C16_M M_G1C16H2_M": [[-0.08886975172760125, 0.005561051671330089, 0.0004934635399754114]], "M_G1C17_M M_G1C17H1_M": [[-0.030361147103926477, 0.0027790590461410107, 0.0002466016134644962]], "M_G1C17_M M_G1C17H2_M": [[-0.029883381894509127, 0.0030281715205609807, 0.00026870677103982775]], "M_G1C17_M M_G1C17H3_M": [[-0.030422694905556047, 0.0028360544651218587, 0.00025165913906845163]], "M_G2_M M_G2H1_M": [[-0.1924883998685723, 0.024767552331608374, 0.002197764878375694]], "M_G2C3_M M_G2C3H1_M": [[-0.0728862977003201, 0.019774594053322787, 0.001754711475427715]], "M_G2C3_M M_G2C3H2_M": [[-0.10600280080486768, 0.01695757238577962, 0.0015047412240416485]], "M_G2C4_M M_G2C4H1_M": [[-0.19927040378028907, 0.014821285990329199, 0.0013151764601436469]], "M_G2C4_M M_G2C4H2_M": [[-0.20691472442587433, 0.013300330443347441, 0.001180213479628966]], "M_G2C5_M M_G2C5H1_M": [[-0.1975837889907511, 0.013455551291918591, 0.0011939871026666361]], "M_G2C5_M M_G2C5H2_M": [[-0.20277064133156808, 0.013039590083260874, 0.0011570765140499343]], "M_G2C6_M M_G2C6H1_M": [[-0.21016784271555117, 0.013928245078020499, 0.0012359318934724438]], "M_G2C6_M M_G2C6H2_M": [[-0.20961763435602704, 0.013178262244966652, 0.001169381678586377]], "M_G2C7_M M_G2C7H1_M": [[-0.1883494295144134, 0.012658396910677529, 0.001123251089746253]], "M_G2C7_M M_G2C7H2_M": [[-0.18638790829711774, 0.013303166240398128, 0.001180465115926197]], "M_G2C8_M M_G2C8H1_M": [[-0.17894244170617885, 0.011871619899529168, 0.001053435919516108]], "M_G2C8_M M_G2C8H2_M": [[-0.17803199646224319, 0.01258708536099132, 0.0011169232129651923]], "M_G2C9_M M_G2C9H1_M": [[-0.10183214862338834, 0.011906860554699701, 0.001056563021992274]], "M_G2C9_M M_G2C9H2_M": [[-0.10231316465455359, 0.012520945432305754, 0.0011110542433400469]], "M_G2C10_M M_G2C10H1_M": [[-0.05741032281059065, 0.014305830858683588, 0.0012694372135058794]], "M_G2C11_M M_G2C11H1_M": [[-0.04877868967804006, 0.01137359758750695, 0.0010092435854753702]], "M_G2C12_M M_G2C12H1_M": [[-0.07929309244960904, 0.011772512913473627, 0.0010446415965956082]], "M_G2C12_M M_G2C12H2_M": [[-0.07863853145546477, 0.011345071994850797, 0.001006712348442531]], "M_G2C13_M M_G2C13H1_M": [[-0.120152187630689, 0.011246066957390305, 0.0009979270719969757]], "M_G2C13_M M_G2C13H2_M": [[-0.12123823547711375, 0.010621083953186648, 0.0009424687982915203]], "M_G2C14_M M_G2C14H1_M": [[-0.12728546883692177, 0.010222399065526761, 0.0009070912352644371]], "M_G2C14_M M_G2C14H2_M": [[-0.1280469990782554, 0.0104861063922509, 0.0009304914765593757]], "M_G2C15_M M_G2C15H1_M": [[-0.13217464596214634, 0.010176097884165092, 0.0009029826697969438]], "M_G2C15_M M_G2C15H2_M": [[-0.131978215456596, 0.009844044416044586, 0.0008735176891558511]], "M_G2C16_M M_G2C16H1_M": [[-0.12054747473879061, 0.008589943240806221, 0.0007622342050244349]], "M_G2C16_M M_G2C16H2_M": [[-0.12065083846605262, 0.008988265612769376, 0.000797579599985192]], "M_G2C17_M M_G2C17H1_M": [[-0.10968570230980895, 0.007814512136825335, 0.0006934258212523187]], "M_G2C17_M M_G2C17H2_M": [[-0.10950484853474846, 0.007737999841680633, 0.0006866364529376168]], "M_G2C18_M M_G2C18H1_M": [[-0.08588110539234839, 0.0061774494367088295, 0.0005481599969252485]], "M_G2C18_M M_G2C18H2_M": [[-0.085335649450993, 0.006486222674263658, 0.0005755591911530251]], "M_G2C19_M M_G2C19H1_M": [[-0.028785161044261258, 0.0031651515248764897, 0.0002808617808887492]], "M_G2C19_M M_G2C19H2_M": [[-0.02827089532006691, 0.002935753391103022, 0.0002605059881635697]], "M_G2C19_M M_G2C19H3_M": [[-0.02894321806211582, 0.0032047057280013367, 0.0002843716488505092]], "M_G3_M M_G3H1_M": [[-0.22293956408866347, 0.022610929903807687, 0.0020063955834095214]], "M_G3_M M_G3H2_M": [[-0.24548140306371385, 0.016692211169207865, 0.001481194223754496]], "M_G3C4_M M_G3C4H1_M": [[0.03450914988677304, 0.013623384171676401, 0.0012088798625013507]], "M_G3C4_M M_G3C4H2_M": [[0.03383581456970411, 0.013916065767642963, 0.0012348511544380731]], "M_G3C5_M M_G3C5H1_M": [[-0.07507167843947583, 0.012560219549206218, 0.0011145392576683664]], "M_G3C5_M M_G3C5H2_M": [[-0.073955689081724, 0.013242276389502474, 0.0011750620153712335]], "M_G3N6C1_M M_G3N6C1H1_M": [[0.010081203883618415, 0.0074134732752570015, 0.0006578393768181698]], "M_G3N6C1_M M_G3N6C1H2_M": [[0.011779107415116206, 0.007659902741301138, 0.0006797064558987899]], "M_G3N6C1_M M_G3N6C1H3_M": [[0.010938300568870976, 0.007268594261037435, 0.0006449834431836176]], "M_G3N6C2_M M_G3N6C2H1_M": [[0.011896253002251871, 0.00807192821557574, 0.000716267804563073]], "M_G3N6C2_M M_G3N6C2H2_M": [[0.010893531625959178, 0.007193872257729265, 0.0006383529375804058]], "M_G3N6C2_M M_G3N6C2H3_M": [[0.01189890235846907, 0.007564412159433256, 0.0006712330369579502]], "M_G3N6C3_M M_G3N6C3H1_M": [[0.010075983663285538, 0.006718658181729377, 0.0005961845072099395]], "M_G3N6C3_M M_G3N6C3H2_M": [[0.011116445519027355, 0.007526862512421828, 0.0006679010445877634]], "M_G3N6C3_M M_G3N6C3H3_M": [[0.011577915386223967, 0.0071130988759491405, 0.0006311854589693912]]}