{"beta1": [[-0.07507167807044637, 0.012560219796018691, 0.001114539279569432]], "oleoyl_C3b": [[-0.20691472442587433, 0.013300330443347441, 0.001180213479628966]], "oleoyl_C15a": [[-0.12054747442930623, 0.008589943812105625, 0.0007622342557190594]], "palmitoyl_C3b": [[-0.1655331670989083, 0.01261415181271198, 0.0011193249721773047]], "oleoyl_C17a": [[-0.08588110539234839, 0.0061774494367088295, 0.0005481599969252485]], "gamma2_2": [[0.01089353117380297, 0.007193872401398457, 0.0006383529503289851]], "gamma1_1": [[0.010081203225445673, 0.007413473963828864, 0.0006578394379190422]], "g2_1": [[-0.1924883998685723, 0.024767552331608374, 0.002197764878375694]], "palmitoyl_C6a": [[-0.21869471119144757, 0.012412451471172025, 0.0011014269610756114]], "palmitoyl_C8a": [[-0.20850534120453296, 0.012149205881767702, 0.0010780676923423107]], "palmitoyl_C9b": [[-0.19257580012246733, 0.012407854586238389, 0.0011010190534987217]], "palmitoyl_C14a": [[-0.1183523691511266, 0.007413829871873102, 0.000657871019651023]], "palmitoyl_C12b": [[-0.1559803847828515, 0.010006045641400459, 0.0008878929733411431]], "palmitoyl_C10a": [[-0.1859009767755912, 0.012077121598410427, 0.0010716712465359433]], "palmitoyl_C3a": [[-0.17833036180482803, 0.013219317793185099, 0.0011730247693823054]], "beta2": [[-0.0739556906873586, 0.013242275723936641, 0.001175061956311816]], "oleoyl_C14b": [[-0.13197821590506398, 0.009844043609116029, 0.0008735176175525203]], "oleoyl_C15b": [[-0.12065083826578904, 0.008988266029304389, 0.0007975796369466976]], "oleoyl_C8b": [[-0.10231316392651173, 0.012520945732583484, 0.0011110542699853867]], "palmitoyl_C7b": [[-0.2084467735259649, 0.012149750199652925, 0.0010781159927441752]], "oleoyl_C11a": [[-0.079293092169242, 0.011772513415411868, 0.0010446416411354247]], "g1_2": [[-0.04107984113978536, 0.023904171755542977, 0.0021211522409481875]], "g1_1": [[-0.1765790226178044, 0.02913699595840749, 0.0025854903028523888]], "g3_1": [[-0.2229395637624621, 0.022610929753606037, 0.0020063955700812806]], "palmitoyl_C15b": [[-0.08886975172760125, 0.005561051671330089, 0.0004934635399754114]], "oleoyl_C18b": [[-0.02827089532006691, 0.002935753391103022, 0.0002605059881635697]], "palmitoyl_C7a": [[-0.20961207454105776, 0.012526350297762896, 0.0011115338475946382]], "palmitoyl_C14b": [[-0.11811558806624523, 0.007402278810518635, 0.0006568460287026678]], "oleoyl_C18c": [[-0.02894321806211582, 0.0032047057280013367, 0.0002843716488505092]], "palmitoyl_C6b": [[-0.2171904774926679, 0.012506752892539453, 0.0011097948590853694]], "oleoyl_C12a": [[-0.120152187630689, 0.011246066957390305, 0.0009979270719969757]], "oleoyl_C4a": [[-0.1975837889907511, 0.013455551291918591, 0.0011939871026666361]], "oleoyl_C16b": [[-0.10950484853474846, 0.007737999841680633, 0.0006866364529376168]], "g3_2": [[-0.24548140306371385, 0.016692211169207865, 0.001481194223754496]], "palmitoyl_C15a": [[-0.08936835862175233, 0.005599284084013004, 0.0004968561180018982]], "palmitoyl_C9a": [[-0.19332271532337902, 0.011925888953497625, 0.0010582515193459843]], "oleoyl_C4b": [[-0.20277064183133126, 0.013039590302351457, 0.0011570765334910796]], "palmitoyl_C12a": [[-0.15578684534348342, 0.009918994527467959, 0.0008801684360811503]], "oleoyl_C8a": [[-0.10183214862338834, 0.011906860554699701, 0.001056563021992274]], "alpha1": [[0.03450915019157361, 0.01362338371474257, 0.0012088798219550298]], "palmitoyl_C13b": [[-0.13524229155296053, 0.008937237107055454, 0.0007930515523140894]], "gamma3_1": [[0.010075986442020133, 0.006718659129825697, 0.0005961845913398836]], "oleoyl_C9a": [[-0.05741032423256334, 0.014305832234528205, 0.0012694373355923473]], "oleoyl_C18a": [[-0.028785161044261258, 0.0031651515248764897, 0.0002808617808887492]], "oleoyl_C11b": [[-0.07863853077704636, 0.011345070778232618, 0.001006712240485125]], "gamma1_2": [[0.011779107591847367, 0.007659902669803646, 0.0006797064495544135]], "palmitoyl_C11b": [[-0.1671707177235807, 0.011271795887305612, 0.0010002101453410416]], "palmitoyl_C5a": [[-0.20707552409817231, 0.01291494589137863, 0.0011460161305471722]], "palmitoyl_C4b": [[-0.20327042931494904, 0.011976531777202825, 0.0010627453432729866]], "oleoyl_C12b": [[-0.12123823547711375, 0.010621083953186648, 0.0009424687982915203]], "gamma3_2": [[0.011116445660608487, 0.007526862425591887, 0.0006679010368828521]], "oleoyl_C5b": [[-0.20961763435602704, 0.013178262244966652, 0.001169381678586377]], "palmitoyl_C16b": [[-0.029883381894509127, 0.0030281715205609807, 0.00026870677103982775]], "oleoyl_C3a": [[-0.19927040242679583, 0.014821285115567854, 0.0013151763825211295]], "gamma3_3": [[0.011577915949109664, 0.007113098534518632, 0.0006311854286723328]], "palmitoyl_C4a": [[-0.2062429245949951, 0.01221053261705044, 0.0010835095601177485]], "gamma2_1": [[0.011896253002429115, 0.008071928215553484, 0.000716267804561098]], "palmitoyl_C2b": [[-0.20350154458964437, 0.017629375661044965, 0.0015643541249770255]], "oleoyl_C10a": [[-0.04877868941118425, 0.011373597364384619, 0.0010092435656764648]], "oleoyl_C7b": [[-0.17803199646224319, 0.01258708536099132, 0.0011169232129651923]], "oleoyl_C7a": [[-0.17894244170617885, 0.011871619899529168, 0.001053435919516108]], "palmitoyl_C11a": [[-0.16729334129663037, 0.01117492975331842, 0.0009916146658874908]], "oleoyl_C14a": [[-0.13217464608803087, 0.010176097687605858, 0.0009029826523551321]], "palmitoyl_C2a": [[-0.23602266775079572, 0.01690765288298984, 0.0015003115844669159]], "oleoyl_C13a": [[-0.12728546883692177, 0.010222399065526761, 0.0009070912352644371]], "oleoyl_C16a": [[-0.10968570230980895, 0.007814512136825335, 0.0006934258212523187]], "oleoyl_C6b": [[-0.1863879074650961, 0.01330316651365979, 0.0011804651401742484]], "palmitoyl_C10b": [[-0.1855204483574437, 0.011738456165305585, 0.0010416195488779625]], "palmitoyl_C13a": [[-0.13534081904269152, 0.00855632485727905, 0.0007592510558785466]], "oleoyl_C17b": [[-0.085335649450993, 0.006486222674263658, 0.0005755591911530251]], "oleoyl_C6a": [[-0.1883494295144134, 0.012658396910677529, 0.001123251089746253]], "oleoyl_C13b": [[-0.1280469990782554, 0.0104861063922509, 0.0009304914765593757]], "gamma1_3": [[0.010938302047938128, 0.007268592186504691, 0.0006449832590986041]], "gamma2_3": [[0.011898902293053782, 0.007564412092845528, 0.0006712330310492448]], "palmitoyl_C8b": [[-0.20806099092395394, 0.012747622085130306, 0.0011311685436816992]], "palmitoyl_C5b": [[-0.20384805148788132, 0.012821950473782828, 0.0011377641216322217]], "oleoyl_C2b": [[-0.10600280080486768, 0.01695757238577962, 0.0015047412240416485]], "alpha2": [[0.0338358132544638, 0.013916065178952525, 0.001234851102200244]], "palmitoyl_C16a": [[-0.030361147103926477, 0.0027790590461410107, 0.0002466016134644962]], "oleoyl_C2a": [[-0.07288629655589379, 0.019774594772471177, 0.0017547115392418154]], "palmitoyl_C16c": [[-0.030422694905556047, 0.0028360544651218587, 0.00025165913906845163]], "oleoyl_C5a": [[-0.21016784271555117, 0.013928245078020499, 0.0012359318934724438]]}