{"M_G1_M M_G1H1_M": [[-0.15270829895263832, 0.12588382590618757, 0.013496162768736242]], "M_G1_M M_G1H2_M": [[0.055341990889514185, 0.17767778753911778, 0.019049058318293472]], "M_G1C3_M M_G1C3H1_M": [[-0.2090926941708517, 0.0687750024991665, 0.007373454226285707]], "M_G1C3_M M_G1C3H2_M": [[-0.21492022801106198, 0.06337369185271208, 0.0067943729414240445]], "M_G1C4_M M_G1C4H1_M": [[-0.18991160877045193, 0.03532494242821823, 0.003787231356971621]], "M_G1C4_M M_G1C4H2_M": [[-0.18428146915250887, 0.04136054779203931, 0.004434316173560301]], "M_G1C5_M M_G1C5H1_M": [[-0.22846325513898105, 0.03487060098850834, 0.003738520841710699]], "M_G1C5_M M_G1C5H2_M": [[-0.2251998378111689, 0.032202201429251065, 0.0034524383801671616]], "M_G1C6_M M_G1C6H1_M": [[-0.23998407244147943, 0.030960085181967623, 0.0033192695403233357]], "M_G1C6_M M_G1C6H2_M": [[-0.23897388587180696, 0.030505812178027298, 0.0032705663621470514]], "M_G1C7_M M_G1C7H1_M": [[-0.2510954847417048, 0.030071172954003016, 0.003223968146126191]], "M_G1C7_M M_G1C7H2_M": [[-0.25049457882942305, 0.028573546085932787, 0.0030634056923493948]], "M_G1C8_M M_G1C8H1_M": [[-0.2477014828909935, 0.0294746334115156, 0.0031600123940234747]], "M_G1C8_M M_G1C8H2_M": [[-0.24720849660907918, 0.02906072937202501, 0.0031156372231276887]], "M_G1C9_M M_G1C9H1_M": [[-0.24560806556645234, 0.030262380597679057, 0.0032444677572803795]], "M_G1C9_M M_G1C9H2_M": [[-0.24488762286278265, 0.02920794188151202, 0.003131420060798284]], "M_G1C10_M M_G1C10H1_M": [[-0.23231506490878517, 0.031408919341791006, 0.0033673896132043394]], "M_G1C10_M M_G1C10H2_M": [[-0.23300401080155558, 0.030955339939800493, 0.0033187607969625134]], "M_G1C11_M M_G1C11H1_M": [[-0.22249059401855326, 0.031097576520227727, 0.003334010159041364]], "M_G1C11_M M_G1C11H2_M": [[-0.22151444377034635, 0.030809220505454666, 0.0033030951492479567]], "M_G1C12_M M_G1C12H1_M": [[-0.20209024466487968, 0.03200664199802823, 0.0034314722084151867]], "M_G1C12_M M_G1C12H2_M": [[-0.2017053241070229, 0.031313276339854514, 0.003357135607079777]], "M_G1C13_M M_G1C13H1_M": [[-0.18475117702821453, 0.02996985664836035, 0.0032131058979998953]], "M_G1C13_M M_G1C13H2_M": [[-0.18411431609236362, 0.03044968202506141, 0.0032645485780893424]], "M_G1C14_M M_G1C14H1_M": [[-0.15828279862939676, 0.02906594415459714, 0.0031161963065038925]], "M_G1C14_M M_G1C14H2_M": [[-0.15838952247304364, 0.029458244947999604, 0.003158255366307252]], "M_G1C15_M M_G1C15H1_M": [[-0.13357266081336303, 0.02421440729722872, 0.002596056958702668]], "M_G1C15_M M_G1C15H2_M": [[-0.13311954631218717, 0.02518502906775919, 0.0027001185353798846]], "M_G1C16_M M_G1C16H1_M": [[-0.0985115309984761, 0.020598440378191443, 0.0022083846127568013]], "M_G1C16_M M_G1C16H2_M": [[-0.09758880455701945, 0.02029076955439921, 0.0021753988380776488]], "M_G1C17_M M_G1C17H1_M": [[-0.02743571621643006, 0.006600310042683933, 0.0007076275130577225]], "M_G1C17_M M_G1C17H2_M": [[-0.028025160527225233, 0.006170036639536073, 0.0006614973621655088]], "M_G1C17_M M_G1C17H3_M": [[-0.027639869880780557, 0.006115822882810625, 0.0006556850373509089]], "M_G2_M M_G2H1_M": [[-0.14421859141531793, 0.1457145085129898, 0.015622235108450493]], "M_G2C3_M M_G2C3H1_M": [[-0.1370899441971793, 0.07065656696329221, 0.007575179110995161]], "M_G2C3_M M_G2C3H2_M": [[-0.14195961556651918, 0.07512630847465111, 0.00805438570117643]], "M_G2C4_M M_G2C4H1_M": [[-0.17742003896846656, 0.03271255237814513, 0.003507153745114731]], "M_G2C4_M M_G2C4H2_M": [[-0.17736567499899525, 0.036821855812930404, 0.00394771731730326]], "M_G2C5_M M_G2C5H1_M": [[-0.20305647708106855, 0.033420943730134225, 0.0035831012699185506]], "M_G2C5_M M_G2C5H2_M": [[-0.20477572680742095, 0.033478870479759774, 0.003589311669356147]], "M_G2C6_M M_G2C6H1_M": [[-0.21869778786263352, 0.033406814101225445, 0.00358158641469198]], "M_G2C6_M M_G2C6H2_M": [[-0.22054027858228806, 0.031719141186291364, 0.003400648886011273]], "M_G2C7_M M_G2C7H1_M": [[-0.20567691476441094, 0.03246013119892839, 0.00348009135408505]], "M_G2C7_M M_G2C7H2_M": [[-0.20681984083647267, 0.030658132727302088, 0.0032868968391661394]], "M_G2C8_M M_G2C8H1_M": [[-0.1960234722750628, 0.030602492395275894, 0.0032809315694253575]], "M_G2C8_M M_G2C8H2_M": [[-0.19712043490088058, 0.029783571274232024, 0.0031931340095339026]], "M_G2C9_M M_G2C9H1_M": [[-0.14193358326827787, 0.026284153254768232, 0.002817957017203464]], "M_G2C9_M M_G2C9H2_M": [[-0.1431507271196823, 0.021749777320824237, 0.002331820889558645]], "M_G2C10_M M_G2C10H1_M": [[-0.11408819737588803, 0.022244904039046946, 0.002384904045652612]], "M_G2C11_M M_G2C11H1_M": [[-0.024150584211518236, 0.02830292502526609, 0.0030343920692162086]], "M_G2C12_M M_G2C12H1_M": [[-0.0704547358778146, 0.027435391548103302, 0.002941382717690444]], "M_G2C12_M M_G2C12H2_M": [[-0.07160209983409947, 0.025923633855119307, 0.0027793052804618835]], "M_G2C13_M M_G2C13H1_M": [[-0.12829788311859547, 0.029744993887224798, 0.003188998079516729]], "M_G2C13_M M_G2C13H2_M": [[-0.1283087111554899, 0.029337430842268062, 0.0031453027345932512]], "M_G2C14_M M_G2C14H1_M": [[-0.1343248094776322, 0.030247075692441183, 0.0032428268992053763]], "M_G2C14_M M_G2C14H2_M": [[-0.13520294208870728, 0.0287501311371453, 0.0030823375970363857]], "M_G2C15_M M_G2C15H1_M": [[-0.14219246962178464, 0.029886107313431616, 0.0032041270268237526]], "M_G2C15_M M_G2C15H2_M": [[-0.14381514361549472, 0.02879035475364615, 0.003086650021381093]], "M_G2C16_M M_G2C16H1_M": [[-0.12871527545768624, 0.026967561990278707, 0.002891226124379307]], "M_G2C16_M M_G2C16H2_M": [[-0.12927788454855813, 0.026319619373838136, 0.0028217593842851537]], "M_G2C17_M M_G2C17H1_M": [[-0.11492201704385208, 0.023380647153665782, 0.002506668488606469]], "M_G2C17_M M_G2C17H2_M": [[-0.1156283376485487, 0.02304472247303792, 0.002470653582520218]], "M_G2C18_M M_G2C18H1_M": [[-0.0864291883226377, 0.017616433041234003, 0.001888679868263767]], "M_G2C18_M M_G2C18H2_M": [[-0.08589567493506112, 0.017612844400364296, 0.0018882951255778226]], "M_G2C19_M M_G2C19H1_M": [[-0.028096330702424687, 0.006116605315290977, 0.0006557689229178938]], "M_G2C19_M M_G2C19H2_M": [[-0.027505027254243187, 0.006914598307638636, 0.0007413227518987584]], "M_G2C19_M M_G2C19H3_M": [[-0.0275470714147005, 0.006661758605593789, 0.000714215490512065]], "M_G3_M M_G3H1_M": [[-0.057535354924266195, 0.15478008244066144, 0.016594166652786038]], "M_G3_M M_G3H2_M": [[-0.07825911250970999, 0.15593453381639066, 0.016717936831864042]], "M_G3C4_M M_G3C4H1_M": [[0.11046562890061896, 0.078224108190311, 0.008386504691734024]], "M_G3C4_M M_G3C4H2_M": [[0.04802526246378536, 0.0847800829961715, 0.009089378968478405]], "M_G3C5_M M_G3C5H1_M": [[-0.020966635571498762, 0.07054339656769866, 0.00756304597102632]], "M_G3C6_M M_G3C6H1_M": [[0.01195416932212468, 0.06659733571597169, 0.0071399838407894016]], "M_G3C6_M M_G3C6H2_M": [[0.011476266706412587, 0.05121195137223432, 0.005490497499967602]]}