{"M_G1_M M_G1H1_M": [[-0.18053802781309128, 0.06607905441036584, 0.002958104736279257]], "M_G1_M M_G1H2_M": [[-0.03136772666886365, 0.059941150731870424, 0.0026833344311621952]], "M_G1C3_M M_G1C3H1_M": [[-0.237288404909764, 0.0433874169816625, 0.0019422875344330816]], "M_G1C3_M M_G1C3H2_M": [[-0.2079806941768498, 0.04867025251404685, 0.002178779732282678]], "M_G1C4_M M_G1C4H1_M": [[-0.18416792456790151, 0.03388667377229683, 0.0015169758568284932]], "M_G1C4_M M_G1C4H2_M": [[-0.1698035183793735, 0.03360034111720952, 0.001504157846783962]], "M_G1C5_M M_G1C5H1_M": [[-0.20910413682468318, 0.03158338733302641, 0.0014138665949631356]], "M_G1C5_M M_G1C5H2_M": [[-0.20493331696462383, 0.032857639165618915, 0.0014709099412222358]], "M_G1C6_M M_G1C6H1_M": [[-0.20846199599547816, 0.032598818570793865, 0.0014593235401420398]], "M_G1C6_M M_G1C6H2_M": [[-0.20499235025651813, 0.033217175662082155, 0.001487005005271553]], "M_G1C7_M M_G1C7H1_M": [[-0.2197637562028987, 0.03279086496172305, 0.0014679207173211345]], "M_G1C7_M M_G1C7H2_M": [[-0.21726060400590108, 0.03252968897120817, 0.001456228874248645]], "M_G1C8_M M_G1C8H1_M": [[-0.21088139663932845, 0.03359600071605587, 0.0015039635437430886]], "M_G1C8_M M_G1C8H2_M": [[-0.20917028392643497, 0.03338980343048776, 0.0014947328855187895]], "M_G1C9_M M_G1C9H1_M": [[-0.21100619874106852, 0.032748416534251146, 0.001466020464730163]], "M_G1C9_M M_G1C9H2_M": [[-0.2098674266458556, 0.033319483159280135, 0.0014915849178432248]], "M_G1C10_M M_G1C10H1_M": [[-0.19678697519024702, 0.03324907530777533, 0.0014884330295351056]], "M_G1C10_M M_G1C10H2_M": [[-0.195869294213129, 0.03236895175324329, 0.0014490332881434709]], "M_G1C11_M M_G1C11H1_M": [[-0.19003702702310107, 0.03208857245724961, 0.001436481787053839]], "M_G1C11_M M_G1C11H2_M": [[-0.18997966460468388, 0.031797035193890905, 0.0014234307867446096]], "M_G1C12_M M_G1C12H1_M": [[-0.17222453202250848, 0.030091675686467253, 0.0013470884104654266]], "M_G1C12_M M_G1C12H2_M": [[-0.17155585484505206, 0.03010900892915584, 0.0013478643529747391]], "M_G1C13_M M_G1C13H1_M": [[-0.16166311038486952, 0.028124250959626222, 0.0012590143837610066]], "M_G1C13_M M_G1C13H2_M": [[-0.1615169446702137, 0.02736012552221415, 0.0012248074312601015]], "M_G1C14_M M_G1C14H1_M": [[-0.14139063082904182, 0.025040135033445498, 0.0011209503934409765]], "M_G1C14_M M_G1C14H2_M": [[-0.14137709076108668, 0.02425557517420566, 0.0010858286705861184]], "M_G1C15_M M_G1C15H1_M": [[-0.12412479413159207, 0.021146059903654993, 0.0009466276494542897]], "M_G1C15_M M_G1C15H2_M": [[-0.12409412450973314, 0.020636115100370125, 0.000923799384865786]], "M_G1C16_M M_G1C16H1_M": [[-0.0941515693025723, 0.016183932663096805, 0.0007244923264946307]], "M_G1C16_M M_G1C16H2_M": [[-0.09428604298762128, 0.015933259033581025, 0.0007132706336700641]], "M_G1C17_M M_G1C17H1_M": [[-0.03183657112013461, 0.007875927671818989, 0.0003525749446097685]], "M_G1C17_M M_G1C17H2_M": [[-0.03217680534039943, 0.007695065365558701, 0.0003444784358213646]], "M_G1C17_M M_G1C17H3_M": [[-0.03179464132564235, 0.007843708584918308, 0.00035113262019381036]], "M_G2_M M_G2H1_M": [[-0.1979976983856375, 0.059199612221586775, 0.002650138608386326]], "M_G2C3_M M_G2C3H1_M": [[-0.07487205175412963, 0.046004915314985205, 0.0020594628524834915]], "M_G2C3_M M_G2C3H2_M": [[-0.1125760856956478, 0.04184525224860279, 0.0018732507595928059]], "M_G2C4_M M_G2C4H1_M": [[-0.20301732839699874, 0.03788682330254624, 0.001696047143136122]], "M_G2C4_M M_G2C4H2_M": [[-0.2085379222832941, 0.03589837184478541, 0.0016070318306812123]], "M_G2C5_M M_G2C5H1_M": [[-0.2004152944528502, 0.036163049367931674, 0.001618880423882068]], "M_G2C5_M M_G2C5H2_M": [[-0.20262799613179455, 0.03568603540860493, 0.0015975263463313698]], "M_G2C6_M M_G2C6H1_M": [[-0.21177358859733203, 0.037451307164142196, 0.0016765507631828257]], "M_G2C6_M M_G2C6H2_M": [[-0.21039176208639682, 0.03544545689251813, 0.0015867565728496873]], "M_G2C7_M M_G2C7H1_M": [[-0.18796470878334884, 0.03508497312553486, 0.0015706191031479764]], "M_G2C7_M M_G2C7H2_M": [[-0.1871867989209222, 0.03336312373596334, 0.001493538538362351]], "M_G2C8_M M_G2C8H1_M": [[-0.17900873087618924, 0.03426141526995472, 0.0015337515902132054]], "M_G2C8_M M_G2C8H2_M": [[-0.17823742704184264, 0.0315314954619227, 0.001411543595775935]], "M_G2C9_M M_G2C9H1_M": [[-0.10292028588335948, 0.03224960484179839, 0.0014436905866300233]], "M_G2C9_M M_G2C9H2_M": [[-0.10353767785585882, 0.03092365783519274, 0.0013843330465548103]], "M_G2C10_M M_G2C10H1_M": [[-0.057744220829102196, 0.03484671565965867, 0.001559953234143778]], "M_G2C11_M M_G2C11H1_M": [[-0.049687425879422605, 0.031161119618987314, 0.0013949632959370994]], "M_G2C12_M M_G2C12H1_M": [[-0.08070452693263255, 0.03190227246479964, 0.001428141854000127]], "M_G2C12_M M_G2C12H2_M": [[-0.08285595935151789, 0.030048617203114584, 0.0013451608480225452]], "M_G2C13_M M_G2C13H1_M": [[-0.12358604921996857, 0.030550742589398938, 0.0013676390674315201]], "M_G2C13_M M_G2C13H2_M": [[-0.12368440825815967, 0.03174823280092371, 0.001421246091593231]], "M_G2C14_M M_G2C14H1_M": [[-0.1306783887690528, 0.03019425390629425, 0.0013516804422464038]], "M_G2C14_M M_G2C14H2_M": [[-0.13052915813177765, 0.030561744584889243, 0.0013681315843910742]], "M_G2C15_M M_G2C15H1_M": [[-0.13491417433119288, 0.030209684751095964, 0.001352371221730161]], "M_G2C15_M M_G2C15H2_M": [[-0.1350867480471923, 0.028935065898930086, 0.0012953114454184822]], "M_G2C16_M M_G2C16H1_M": [[-0.12387863444948718, 0.026325844637676545, 0.0011785066600021846]], "M_G2C16_M M_G2C16H2_M": [[-0.12418311401518621, 0.025749893840961706, 0.0011527235613360708]], "M_G2C17_M M_G2C17H1_M": [[-0.11322809893479516, 0.02288066681184819, 0.0010242793192079673]], "M_G2C17_M M_G2C17H2_M": [[-0.11325779526464591, 0.023218863620549732, 0.00103941908763446]], "M_G2C18_M M_G2C18H1_M": [[-0.08869028471560748, 0.01778007137576962, 0.0007959453085000065]], "M_G2C18_M M_G2C18H2_M": [[-0.08887081982740017, 0.01793478297165167, 0.0008028711507146043]], "M_G2C19_M M_G2C19H1_M": [[-0.029718832409259974, 0.008135865618124205, 0.00036421136521180944]], "M_G2C19_M M_G2C19H2_M": [[-0.029915406353706934, 0.008698188570137096, 0.00038938439776366337]], "M_G2C19_M M_G2C19H3_M": [[-0.030167675448670075, 0.008382579360385495, 0.0003752557891370679]], "M_G3_M M_G3H1_M": [[-0.2281941238749486, 0.05519064237887891, 0.002470672470664862]], "M_G3_M M_G3H2_M": [[-0.2426645151327541, 0.042752755944317496, 0.0019138762044397207]], "M_G3C4_M M_G3C4H1_M": [[0.030185620318768227, 0.0367964348618428, 0.0016472346527091556]], "M_G3C4_M M_G3C4H2_M": [[0.029708869174049087, 0.03745374645719175, 0.0016766599609367501]], "M_G3C5_M M_G3C5H1_M": [[-0.07594976150848577, 0.03037575979509274, 0.00135980576174603]], "M_G3C5_M M_G3C5H2_M": [[-0.07604421475593458, 0.029976168101337432, 0.0013419175808024176]], "M_G3N6C1_M M_G3N6C1H1_M": [[0.011070843261643187, 0.01756330360637, 0.0007862414504309796]], "M_G3N6C1_M M_G3N6C1H2_M": [[0.011215355522405022, 0.017049511510529403, 0.0007632409573741283]], "M_G3N6C1_M M_G3N6C1H3_M": [[0.010345879650031654, 0.016930619944805006, 0.0007579186399346429]], "M_G3N6C2_M M_G3N6C2H1_M": [[0.010797605554729401, 0.016501605856787248, 0.0007387133317319157]], "M_G3N6C2_M M_G3N6C2H2_M": [[0.010802986954570045, 0.01744273662099314, 0.0007808441309071964]], "M_G3N6C2_M M_G3N6C2H3_M": [[0.011108753681277353, 0.01781448660516849, 0.0007974859457562952]], "M_G3N6C3_M M_G3N6C3H1_M": [[0.01135028477518318, 0.017151077579695712, 0.0007677876790687262]], "M_G3N6C3_M M_G3N6C3H2_M": [[0.011155534972149774, 0.017422449707657002, 0.0007799359639402262]], "M_G3N6C3_M M_G3N6C3H3_M": [[0.009639252665147814, 0.01699398722827957, 0.0007607553491315871]]}