{"alpha1": [[0.008121691343006355, 0.17798292774802252, 0.015793430950214564]], "beta": [[-0.07982907088642127, 0.14700894777129253, 0.013044934674726992]], "alpha2": [[-0.0759604522556831, 0.1384266964793594, 0.012283383019792822]], "g1_1": [[-0.22635902729843627, 0.13631789271104272, 0.012096256944703117]], "g3_2": [[-0.2297860570465335, 0.12364678471593415, 0.010971877928605702]], "g3_1": [[-0.21477149018733846, 0.14703118367072085, 0.013046907791737037]], "g2_1": [[-0.22659279526241338, 0.14743409280820086, 0.013082660196321648]], "g1_2": [[-0.031496121169951014, 0.15725118641029087, 0.013953786387457834]]}