{"M_G1_M M_G1H1_M": [[-0.22619181449301892, 0.07684482954593923, 0.00629537372908781]], "M_G1_M M_G1H2_M": [[-0.019742468308390174, 0.08046181992372296, 0.006591689126456877]], "M_G1C3_M M_G1C3H1_M": [[-0.24340388224623544, 0.035857650219363275, 0.002937573165450897]], "M_G1C3_M M_G1C3H2_M": [[-0.2504057700378103, 0.030976025558108387, 0.0025376548908016016]], "M_G1C4_M M_G1C4H1_M": [[-0.18912478734200144, 0.02979904406447992, 0.00244123280985754]], "M_G1C4_M M_G1C4H2_M": [[-0.1915935877330054, 0.027418320382823907, 0.0022461963264627186]], "M_G1C5_M M_G1C5H1_M": [[-0.23309138974617824, 0.027927772738920394, 0.002287932289672506]], "M_G1C5_M M_G1C5H2_M": [[-0.2327194979267127, 0.02523852286272546, 0.002067620355589429]], "M_G1C6_M M_G1C6H1_M": [[-0.23268383246935764, 0.02665710459139568, 0.0021838350989886015]], "M_G1C6_M M_G1C6H2_M": [[-0.23606510279317414, 0.02475565468778153, 0.002028062253357745]], "M_G1C7_M M_G1C7H1_M": [[-0.24801851258476465, 0.024010905948954483, 0.0019670500593964037]], "M_G1C7_M M_G1C7H2_M": [[-0.24956421705874626, 0.024398395288672717, 0.001998794422992206]], "M_G1C8_M M_G1C8H1_M": [[-0.23848005090718818, 0.024406510205181205, 0.001999459222855816]], "M_G1C8_M M_G1C8H2_M": [[-0.24015780308500057, 0.024024931870644497, 0.0019681991076727196]], "M_G1C9_M M_G1C9H1_M": [[-0.24022337985723988, 0.023305564703645094, 0.0019092662530947933]], "M_G1C9_M M_G1C9H2_M": [[-0.2399743676453877, 0.024087956575006966, 0.0019733622926322207]], "M_G1C10_M M_G1C10H1_M": [[-0.22313768515066973, 0.02350026810289205, 0.0019252169770644604]], "M_G1C10_M M_G1C10H2_M": [[-0.22479537027366406, 0.022968964875922936, 0.0018816909207636733]], "M_G1C11_M M_G1C11H1_M": [[-0.21716365343392482, 0.02369126194585591, 0.0019408638023423197]], "M_G1C11_M M_G1C11H2_M": [[-0.21813252976552894, 0.022656568974043355, 0.0018560984512977646]], "M_G1C12_M M_G1C12H1_M": [[-0.19606211697151138, 0.02281712407375374, 0.001869251637566251]], "M_G1C12_M M_G1C12H2_M": [[-0.19683365951907103, 0.021649594997451425, 0.0017736039288221543]], "M_G1C13_M M_G1C13H1_M": [[-0.1841781724160522, 0.02200273398496519, 0.0018025342019172593]], "M_G1C13_M M_G1C13H2_M": [[-0.18440282643066083, 0.02052325021169184, 0.0016813301686217112]], "M_G1C14_M M_G1C14H1_M": [[-0.15783473206019327, 0.018847030236019753, 0.0015440088776334888]], "M_G1C14_M M_G1C14H2_M": [[-0.15622480612641373, 0.019685093034219545, 0.0016126656572019663]], "M_G1C15_M M_G1C15H1_M": [[-0.136297295721664, 0.016831537646012144, 0.001378893291103106]], "M_G1C15_M M_G1C15H2_M": [[-0.13699665401403682, 0.016524831468295326, 0.0013537669420025057]], "M_G1C16_M M_G1C16H1_M": [[-0.09588927407641457, 0.01322775164382619, 0.0010836596383320624]], "M_G1C16_M M_G1C16H2_M": [[-0.09797121196535229, 0.013055758634278325, 0.0010695694219792877]], "M_G1C17_M M_G1C17H1_M": [[-0.03260463958266575, 0.005997071251080975, 0.0004912992198512592]], "M_G1C17_M M_G1C17H2_M": [[-0.032838042287558315, 0.006621290744748915, 0.0005424372733135601]], "M_G1C17_M M_G1C17H3_M": [[-0.03268305725290216, 0.007121603854169809, 0.0005834245202627334]], "M_G2_M M_G2H1_M": [[-0.2189821575024025, 0.0836656506196082, 0.006854157163857668]], "M_G2C3_M M_G2C3H1_M": [[-0.24340388224623544, 0.035857650219363275, 0.002937573165450897]], "M_G2C3_M M_G2C3H2_M": [[-0.2504057700378103, 0.030976025558108387, 0.0025376548908016016]], "M_G2C4_M M_G2C4H1_M": [[-0.18912478734200144, 0.02979904406447992, 0.00244123280985754]], "M_G2C4_M M_G2C4H2_M": [[-0.1915935877330054, 0.027418320382823907, 0.0022461963264627186]], "M_G2C5_M M_G2C5H1_M": [[-0.23309138974617824, 0.027927772738920394, 0.002287932289672506]], "M_G2C5_M M_G2C5H2_M": [[-0.2327194979267127, 0.02523852286272546, 0.002067620355589429]], "M_G2C6_M M_G2C6H1_M": [[-0.23268383246935764, 0.02665710459139568, 0.0021838350989886015]], "M_G2C6_M M_G2C6H2_M": [[-0.23606510279317414, 0.02475565468778153, 0.002028062253357745]], "M_G2C7_M M_G2C7H1_M": [[-0.24801851258476465, 0.024010905948954483, 0.0019670500593964037]], "M_G2C7_M M_G2C7H2_M": [[-0.24956421705874626, 0.024398395288672717, 0.001998794422992206]], "M_G2C8_M M_G2C8H1_M": [[-0.23848005090718818, 0.024406510205181205, 0.001999459222855816]], "M_G2C8_M M_G2C8H2_M": [[-0.24015780308500057, 0.024024931870644497, 0.0019681991076727196]], "M_G2C9_M M_G2C9H1_M": [[-0.24022337985723988, 0.023305564703645094, 0.0019092662530947933]], "M_G2C9_M M_G2C9H2_M": [[-0.2399743676453877, 0.024087956575006966, 0.0019733622926322207]], "M_G2C10_M M_G2C10H1_M": [[-0.2812629850411618, 0.038294740251493896, 0.003137227360200915]], "M_G2C11_M M_G2C11H1_M": [[-0.2783108780421035, 0.03843356070897179, 0.0031485999751996096]], "M_G2C12_M M_G2C12H1_M": [[-0.19606211697151138, 0.02281712407375374, 0.001869251637566251]], "M_G2C12_M M_G2C12H2_M": [[-0.19683365951907103, 0.021649594997451425, 0.0017736039288221543]], "M_G2C13_M M_G2C13H1_M": [[-0.1841781724160522, 0.02200273398496519, 0.0018025342019172593]], "M_G2C13_M M_G2C13H2_M": [[-0.18440282643066083, 0.02052325021169184, 0.0016813301686217112]], "M_G2C14_M M_G2C14H1_M": [[-0.15783473206019327, 0.018847030236019753, 0.0015440088776334888]], "M_G2C14_M M_G2C14H2_M": [[-0.15622480612641373, 0.019685093034219545, 0.0016126656572019663]], "M_G2C15_M M_G2C15H1_M": [[-0.136297295721664, 0.016831537646012144, 0.001378893291103106]], "M_G2C15_M M_G2C15H2_M": [[-0.13699665401403682, 0.016524831468295326, 0.0013537669420025057]], "M_G2C16_M M_G2C16H1_M": [[-0.09588927407641457, 0.01322775164382619, 0.0010836596383320624]], "M_G2C16_M M_G2C16H2_M": [[-0.09797121196535229, 0.013055758634278325, 0.0010695694219792877]], "M_G2C17_M M_G2C17H1_M": [[-0.03260463958266575, 0.005997071251080975, 0.0004912992198512592]], "M_G2C17_M M_G2C17H2_M": [[-0.032838042287558315, 0.006621290744748915, 0.0005424372733135601]], "M_G2C18_M M_G2C18H1_M": [[-0.09361545807670471, 0.012330583279604936, 0.001010160742127072]], "M_G2C18_M M_G2C18H2_M": [[-0.09242522770199615, 0.013766362831940682, 0.0011277843861372703]], "M_G2C19_M M_G2C19H1_M": [[-0.03130399840642197, 0.005950841612113308, 0.00048751194025962086]], "M_G2C19_M M_G2C19H2_M": [[-0.030975300577082917, 0.0063590603389108115, 0.0005209545214142365]], "M_G2C19_M M_G2C19H3_M": [[-0.03062488775842373, 0.006374862037052822, 0.0005222490469658707]], "M_G3_M M_G3H1_M": [[-0.1449651089574833, 0.08957124942370477, 0.0073379626688671665]], "M_G3_M M_G3H2_M": [[-0.1772442756282727, 0.060074660430109804, 0.004921507943868806]], "M_G3C4_M M_G3C4H1_M": [[0.017722587593877844, 0.02685260162411222, 0.0021998508399454163]], "M_G3C4_M M_G3C4H2_M": [[0.01845093697237914, 0.02521251110718577, 0.002065489389544744]], "M_G3C5_M M_G3C5H1_M": [[-0.04145104021060785, 0.017086166724087765, 0.0013997533179682944]], "M_G3C5_M M_G3C5H2_M": [[-0.04395352247144206, 0.017397093889322975, 0.0014252254638400124]], "M_G3N6C1_M M_G3N6C1H1_M": [[0.011864504243766205, 0.006159050829137961, 0.000504569103932908]], "M_G3N6C1_M M_G3N6C1H2_M": [[0.01198327101504344, 0.006408680775661771, 0.0005250195859838847]], "M_G3N6C1_M M_G3N6C1H3_M": [[0.011813741568992066, 0.005873191398131993, 0.00048115058686675817]], "M_G3N6C2_M M_G3N6C2H1_M": [[0.011999063543462302, 0.005820937515679755, 0.00047686978201916583]], "M_G3N6C2_M M_G3N6C2H2_M": [[0.011565792133877026, 0.006404207721048394, 0.0005246531390717344]], "M_G3N6C2_M M_G3N6C2H3_M": [[0.011228452092498158, 0.006245788958108799, 0.0005116749683308089]], "M_G3N6C3_M M_G3N6C3H1_M": [[0.011668204775086798, 0.00584331380051446, 0.0004787029186990875]], "M_G3N6C3_M M_G3N6C3H2_M": [[0.011838699094061, 0.005595951615914895, 0.0004584382189437587]], "M_G3N6C3_M M_G3N6C3H3_M": [[0.012208139917463648, 0.006152056013407301, 0.0005039960663004375]]}