{"M_G1_M M_G1H1_M": [[-0.028120290724527014, 0.06525884754437723, 0.0060331825897163936]], "M_G1_M M_G1H2_M": [[-0.16070808404151427, 0.06979815023647928, 0.006452841272055513]], "M_G1C3_M M_G1C3H1_M": [[-0.2237892322013328, 0.039588910630132576, 0.0036599960824795995]], "M_G1C3_M M_G1C3H2_M": [[-0.1997669953347079, 0.041807811053170184, 0.0038651334991568003]], "M_G1C4_M M_G1C4H1_M": [[-0.16380424565404567, 0.031735779746185855, 0.002933973875428324]], "M_G1C4_M M_G1C4H2_M": [[-0.1556597207857116, 0.03123571624308534, 0.0028877429882125023]], "M_G1C5_M M_G1C5H1_M": [[-0.1907762373253273, 0.030964128748049637, 0.0028626347154143985]], "M_G1C5_M M_G1C5H2_M": [[-0.19227905592674982, 0.029267488000053837, 0.0027057802227749]], "M_G1C6_M M_G1C6H1_M": [[-0.19163224064226578, 0.031222689822283156, 0.0028865386951833216]], "M_G1C6_M M_G1C6H2_M": [[-0.18991496964397964, 0.030467412151297602, 0.0028167132497999513]], "M_G1C7_M M_G1C7H1_M": [[-0.20116955713031673, 0.031965033105725085, 0.0029551683560152748]], "M_G1C7_M M_G1C7H2_M": [[-0.20436987279584937, 0.02988112065464015, 0.002762510581759773]], "M_G1C8_M M_G1C8H1_M": [[-0.19243160507552834, 0.030831939389934247, 0.0028504138049334827]], "M_G1C8_M M_G1C8H2_M": [[-0.19361815217974515, 0.03183147971783978, 0.002942821340937521]], "M_G1C9_M M_G1C9H1_M": [[-0.192011155106, 0.030264894691180856, 0.0027979905039889857]], "M_G1C9_M M_G1C9H2_M": [[-0.19208005928558697, 0.031062116655755274, 0.002871693700686401]], "M_G1C10_M M_G1C10H1_M": [[-0.17746272363647905, 0.029838646619144486, 0.002758583855789119]], "M_G1C10_M M_G1C10H2_M": [[-0.1768675696410632, 0.02921494024834961, 0.002700922181411312]], "M_G1C11_M M_G1C11H1_M": [[-0.17030645064318906, 0.028135469754153146, 0.002601125098919625]], "M_G1C11_M M_G1C11H2_M": [[-0.16974611659566174, 0.028020794352433688, 0.002590523354280293]], "M_G1C12_M M_G1C12H1_M": [[-0.1533511690145928, 0.026037115958985776, 0.0024071322219314088]], "M_G1C12_M M_G1C12H2_M": [[-0.15416906150813114, 0.027143610392445856, 0.002509427668491814]], "M_G1C13_M M_G1C13H1_M": [[-0.1446580084062588, 0.023188096682015286, 0.0021437402966005773]], "M_G1C13_M M_G1C13H2_M": [[-0.14188684465891407, 0.024306520692025456, 0.0022471386329031852]], "M_G1C14_M M_G1C14H1_M": [[-0.12639436302276422, 0.020890840483689922, 0.00193135888593546]], "M_G1C14_M M_G1C14H2_M": [[-0.12347955508699314, 0.021176022956582125, 0.00195772401488101]], "M_G1C15_M M_G1C15H1_M": [[-0.11138700230625691, 0.017847096466876565, 0.0016499646520378372]], "M_G1C15_M M_G1C15H2_M": [[-0.10902026305007656, 0.018251225460491568, 0.0016873263907142616]], "M_G1C16_M M_G1C16H1_M": [[-0.08474097664134361, 0.013993592058674233, 0.0012937080434737341]], "M_G1C16_M M_G1C16H2_M": [[-0.08373858314358679, 0.013893848892399255, 0.0012844867844895914]], "M_G1C17_M M_G1C17H1_M": [[-0.028709740112892176, 0.007577054798440518, 0.0007004989639173781]], "M_G1C17_M M_G1C17H2_M": [[-0.0289085052806272, 0.007889222489946474, 0.0007293588772062998]], "M_G1C17_M M_G1C17H3_M": [[-0.028063631792943463, 0.006903110369779124, 0.0006381927794468156]], "M_G2_M M_G2H1_M": [[-0.17681042551434678, 0.06817562901538962, 0.006302839132102507]], "M_G2C3_M M_G2C3H1_M": [[-0.09783700600510435, 0.04658099737780007, 0.004306414730972097]], "M_G2C3_M M_G2C3H2_M": [[-0.09030275385783264, 0.05012964825657156, 0.004634487620770326]], "M_G2C4_M M_G2C4H1_M": [[-0.1803620498564631, 0.03667414688297729, 0.003390526078730063]], "M_G2C4_M M_G2C4H2_M": [[-0.18416274706979796, 0.03467018537398915, 0.0032052597716861414]], "M_G2C5_M M_G2C5H1_M": [[-0.18240571615588097, 0.03161384196009472, 0.0029227007231163206]], "M_G2C5_M M_G2C5H2_M": [[-0.18122316707352393, 0.03370415943485202, 0.003115950642019804]], "M_G2C6_M M_G2C6H1_M": [[-0.19015351907417682, 0.03639001555646133, 0.003364258128301373]], "M_G2C6_M M_G2C6H2_M": [[-0.18819266746808935, 0.03451491795653758, 0.003190905293864846]], "M_G2C7_M M_G2C7H1_M": [[-0.16841975839139875, 0.03430348420839856, 0.0031713582369346212]], "M_G2C7_M M_G2C7H2_M": [[-0.1662009938438756, 0.031635679052552025, 0.002924719563028163]], "M_G2C8_M M_G2C8H1_M": [[-0.15776810342753272, 0.031213699450797074, 0.0028857075350454103]], "M_G2C8_M M_G2C8H2_M": [[-0.1585319639803518, 0.03298201716987612, 0.0030491885660056933]], "M_G2C9_M M_G2C9H1_M": [[-0.09242109151735359, 0.028242555538157674, 0.0026110251831529987]], "M_G2C9_M M_G2C9H2_M": [[-0.0861647282108819, 0.030102134411434642, 0.0027829433108035027]], "M_G2C10_M M_G2C10H1_M": [[-0.04616064903111649, 0.03539616511827604, 0.003272376622788055]], "M_G2C11_M M_G2C11H1_M": [[-0.045904547760858914, 0.02911000773354668, 0.0026912211669860462]], "M_G2C12_M M_G2C12H1_M": [[-0.07288810349399491, 0.028020904119714005, 0.002590533502268948]], "M_G2C12_M M_G2C12H2_M": [[-0.06708497959511411, 0.028919523667844983, 0.002673610908882295]], "M_G2C13_M M_G2C13H1_M": [[-0.10739830645691184, 0.03042767076220618, 0.002813039157078739]], "M_G2C13_M M_G2C13H2_M": [[-0.10774894447335356, 0.02914707551087543, 0.002694648084212362]], "M_G2C14_M M_G2C14H1_M": [[-0.11399890687930213, 0.02831764389894598, 0.0026179671045635827]], "M_G2C14_M M_G2C14H2_M": [[-0.11457405054789217, 0.029661506424133517, 0.002742207238967126]], "M_G2C15_M M_G2C15H1_M": [[-0.11967195202188814, 0.02745453092615806, 0.002538172282001916]], "M_G2C15_M M_G2C15H2_M": [[-0.11795851425867296, 0.027815878807170014, 0.0025715789054190663]], "M_G2C16_M M_G2C16H1_M": [[-0.11000852578316343, 0.0242958345144753, 0.0022461506954391903]], "M_G2C16_M M_G2C16H2_M": [[-0.11097933134177317, 0.02436728816321147, 0.002252756587601684]], "M_G2C17_M M_G2C17H1_M": [[-0.10142661271895793, 0.020996945468387547, 0.0019411682952408344]], "M_G2C17_M M_G2C17H2_M": [[-0.10030690031141362, 0.021108574060531633, 0.0019514883622352797]], "M_G2C18_M M_G2C18H1_M": [[-0.08015849250874149, 0.01580316173573279, 0.001461002819298335]], "M_G2C18_M M_G2C18H2_M": [[-0.08083106917743609, 0.015396972138577651, 0.0014234505777572348]], "M_G2C19_M M_G2C19H1_M": [[-0.026478953416274476, 0.007665567084915976, 0.0007086819276967582]], "M_G2C19_M M_G2C19H2_M": [[-0.02642382970972797, 0.0070013868383551284, 0.000647278442180721]], "M_G2C19_M M_G2C19H3_M": [[-0.02719051811279371, 0.006956746981264034, 0.0006431514859327383]], "M_G3_M M_G3H1_M": [[-0.2059484543205437, 0.048149931499218715, 0.004451462741807993]], "M_G3_M M_G3H2_M": [[-0.1802451062757786, 0.05817949002988029, 0.005378695755976393]], "M_G3C4_M M_G3C4H1_M": [[0.0682550521254317, 0.031717902908819394, 0.002932321161229147]], "M_G3C4_M M_G3C4H2_M": [[0.04137696369315424, 0.024215434891754067, 0.002238717747689207]], "M_G3C5_M M_G3C5H1_M": [[0.068017456977677, 0.034175755368379364, 0.0031595497014975764]], "M_G3C6_M M_G3C6H1_M": [[0.051906329787196955, 0.03358527759442228, 0.003104960011984138]], "M_G3C6_M M_G3C6H2_M": [[-0.01802557435999301, 0.03333111906172155, 0.003081463047323903]]}