{"alpha1": [[0.012965411277456512, 0.21764905103500226, 0.019313230220414923]], "beta": [[-0.06667420638688261, 0.18540618737068845, 0.016452138724940408]], "alpha2": [[-0.062302417026442715, 0.17032627266134517, 0.015114012677062852]], "g1_1": [[-0.21608576948366542, 0.12482694298403026, 0.011076600040739334]], "g3_2": [[-0.24153315904370246, 0.11906527616274588, 0.01056533478484398]], "g3_1": [[-0.22565755223989636, 0.1173315924907716, 0.0104114952356845]], "g2_1": [[-0.23189866761247332, 0.11694893666005741, 0.010377540021459474]], "g1_2": [[-0.051237377224473205, 0.1504567139187397, 0.013350874448115169]]}