{"g1_1": [[-0.17648919522824003, 0.0343251172374012, 0.0028704105032333416]], "alpha2": [[0.051665828026671266, 0.013726771488541411, 0.0011478902980485894]], "alpha1": [[0.07670602876816052, 0.014759102394693222, 0.0012342181452438727]], "beta1": [[-0.013372195402575232, 0.011329506029942886, 0.0009474208894866894]], "g1_2": [[-0.026162083063482874, 0.02815835264569253, 0.0023547197414922403]], "g2_1": [[-0.196255262374972, 0.026960554790113167, 0.0022545548528590535]], "g3_1": [[-0.202677753892701, 0.02583000728824594, 0.0021600137213220586]], "beta2": [[-0.0032812944507500403, 0.012714264946934157, 0.0010632202474986916]], "g3_2": [[-0.21371807429585724, 0.017383471090795424, 0.001453678880586692]]}